User_Email,Address_Line_1,Address_Line_2,City,State,Zip_Code,Country,Country_Code,County,Latitude,Longitude,,
kcradduck+testing@crossroads.net,1234 Kathyrn Testing Lane,,CITY,OH,45209,United States,USA,County!,,,,
mpcrds+auto+husband@gmail.com,1234 Tatooine Lane,,CITY,OH,45209,United States,USA,County!,,,,Will update the Address on the Household of the user with with User_Email
mpcrds+auto+georgesmith@gmail.com,12 Ridge Ave.,,Oakley,OH,45067,United States,USA,,,,,"Required: User_Email, Address_Line_1"
mpcrds+tremplay.richard@gmail.com,123 Towne Commons Way,,Oakley,OH,45067,United States,USA,,,,,
rtheil+Testing@crossroads.net,1234 Rich Testing Lane,,CITY,OH,45209,United States,USA,County!,,,,"If cell is empty, Null will be entered in the DB"
kidsclubdad@gmail.com,1234 Testing Lane,,CITY,OH,45067,United States,USA,,,,,
mpcrds+cloudstrife@gmail.com,123 Midgar Section 6,,CITY,OH,45209,United States,USA,,,,,
mpcrds+auto+fredflintstone@gmail.com,301 Cobblestone Way,,CITY,OH,45209,United States,USA,,,,,
mpcrds+auto+matcauthon@gmail.com,1881 Mulberry St,,Goshen,OH,45122,United States,USA,,39.233869,-84.159939,,
mpcrds+auto+talmanesdelovinde@gmail.com,1881 Main St,,Goshen,OH,45122,United States,USA,,39.234512,-84.16061,,
mpcrds+auto+naleseanaldiaya@gmail.com,1821 Walnut St,,Goshen,OH,45122,United States,USA,,39.234363,-84.161875,,
mpcrds+picard@gmail.com,5144 Rybolt Rd,,Cincinnati,OH,45248,United States,USA,,39.185298,-84.665607,,
mpcrds+data@gmail.com,5117 Rybolt Rd,,Cincinnati,OH,45248,United States,USA,,39.184111,-84.666405,,
mpcrds+worf@gmail.com,5121 Rybolt,,Cincinnati,OH,45248,United States,USA,,39.184353,-84.666394,,
mpcrds+riker@gmail.com,5170 Rybolt,,Cincinnati,OH,45248,United States,USA,,39.185774,-84.665124,,
mpcrds+troi@gmail.com,1821 Walnut St,,Cincinnati,OH,45248,United States,USA,,39.234363,-84.161875,,
mpcrds+laforge@gmail.com,5226 Rybolt,,Cincinnati,OH,45248,United States,USA,,39.187375,-84.665444,,
mpcrds+guinan@gmail.com,6735 Hearne,,Cincinnati,OH,45248,United States,USA,,39.187864,-84.666908,,
mpcrds+obrien@gmail.com,6724 Hearne,,Cincinnati,OH,45248,United States,USA,,39.188365,-84.666525,,
mpcrds+crusher@gmail.com,6768 Hearne,,Cincinnati,OH,45248,United States,USA,,39.188451,-84.667836,,
mpcrds+ae@gmail.com,5144 Rybolt Rd,,Cincinnati,OH,45248,United States,USA,,39.185298,-84.665607,,
mpcrds+sh@gmail.com,5117 Rybolt Rd,,Cincinnati,OH,45248,United States,USA,,39.184144,-84.666359,,
